<?xml version="1.0" encoding="UTF-8"?>
<metadata xml:lang="zh"><Esri><CreaDate>20250906</CreaDate><CreaTime>14185900</CreaTime><ArcGISFormat>1.0</ArcGISFormat><SyncOnce>TRUE</SyncOnce><DataProperties><itemProps><itemLocation><linkage Sync="TRUE">file://\\KAIKAI\C$\Users\12478\Desktop\论文与专著\论文\投稿材料\v2\data\River Network\BaiShuiHe_river network</linkage><protocol Sync="TRUE">Local Area Network</protocol></itemLocation></itemProps><copyHistory><copy source="C:\Users\12478\Desktop\论文与专著\论文\投稿材料\v2\data\白水江河网\BaiShuiHe_river network" dest="\\KAIKAI\C$\Users\12478\Desktop\论文与专著\论文\投稿材料\v2\data\River Network\BaiShuiHe_river network" date="20250906" time="14185900"></copy></copyHistory></DataProperties></Esri></metadata>
