<?xml version="1.0" encoding="UTF-8"?>
<configuration>
	<field name_en="OBJECTID" name_cn="OBJECTID"/>
	<field name_en="CHANNELID" name_cn="CHANNELID"/>
	<field name_en="DOWNID" name_cn="DOWNID"/>
	<field name_en="STRAHLER" name_cn="STRAHLER"/>
	<field name_en="LAMBDA" name_cn="LAMBDA"/>
	<field name_en="BINSTRLEN" name_cn="BINSTRLEN"/>
	<field name_en="BINSTRVAL" name_cn="BINSTRVAL"/>
	<field name_en="RIVERNUM" name_cn="RIVERNUM"/>
	<field name_en="BOUNDNUM" name_cn="BOUNDNUM"/>
	<field name_en="UPCNLNUM" name_cn="UPCNLNUM"/>
	<field name_en="UPCNLLEN" name_cn="UPCNLLEN(km)"/>
	<field name_en="UPSUBAREA" name_cn="UPSUBAREA(k㎡)"/>
	<field name_en="UPELEVA" name_cn="UPELEVA(m)"/>
	<field name_en="DOWNELEVA" name_cn="DOWNELEVA(m)"/>
	<field name_en="DETXLEN" name_cn="DETXLEN(m)"/>
	<field name_en="DETYLEN" name_cn="DETYLEN(m)"/>
	<field name_en="SUB_ELV" name_cn="SUB_ELV(m)"/>
	<field name_en="SRC_ELV" name_cn="SRC_ELV(m)"/>
	<field name_en="LFT_ELV" name_cn="LFT_ELV(m)"/>
	<field name_en="RGT_ELV" name_cn="RGT_ELV(m)"/>
	<field name_en="CHNL_LEN" name_cn="CHNL_LEN(km)"/>
	<field name_en="SRC_LEN" name_cn="SRC_LEN(km)"/>
	<field name_en="LFT_LEN" name_cn="LFT_LEN(km)"/>
	<field name_en="RGT_LEN" name_cn="RGT_LEN(km)"/>
	<field name_en="CHNL_SLOPE" name_cn="CHNL_SLOPE"/>
	<field name_en="SRC_SLOPE" name_cn="SRC_SLOPE"/>
	<field name_en="LFT_SLOPE" name_cn="LFT_SLOPE"/>
	<field name_en="RGT_SLOPE" name_cn="RGT_SLOPE"/>
	<field name_en="SUB_AREA" name_cn="SUB_AREA(k㎡)"/>
	<field name_en="SRC_AREA" name_cn="SRC_AREA(k㎡)"/>
	<field name_en="LFT_AREA" name_cn="LFT_AREA(k㎡)"/>
	<field name_en="UPSTREAMX" name_cn="UPSTREAMX"/>
	<field name_en="UPSTREAMY" name_cn="UPSTREAMY"/>
	<field name_en="OUTLETX" name_cn="OUTLETX"/>
	<field name_en="OUTLETY" name_cn="OUTLETY"/>
	<field name_en="MIDDLEX" name_cn="MIDDLEX"/>
	<field name_en="MIDDLEY" name_cn="MIDDLEY"/>
	<field name_en="XMIN" name_cn="XMIN"/>
	<field name_en="YMIN" name_cn="YMIN"/>
	<field name_en="XMAX" name_cn="XMAX"/>
	<field name_en="YMAX" name_cn="YMAX"/>
	<field name_en="ZMIN" name_cn="ZMIN(m)"/>
	<field name_en="ZMAX" name_cn="ZMAX(m)"/>
	<field name_en="LEVEL_" name_cn="LEVEL_"/>
	<field name_en="GEONO" name_cn="GEONO"/>
	<field name_en="GEOSTR" name_cn="GEOSTR"/>
	<field name_en="HIERARCODE" name_cn="HIERARCODE"/>
	<field name_en="DOWNCNLNUM" name_cn="DOWNCNLNUM"/>
	<field name_en="REGIONCODE" name_cn="REGIONCODE"/>
	<field name_en="UPALLLEN" name_cn="UPALLLEN"/>
	<field name_en="MEANDER" name_cn="MEANDER"/>
	
	
	
	<!--备份用
	<field name_en="OBJECTID" name_cn="要素ID"/>
	<field name_en="CHANNELID" name_cn="流域内河段标识"/>
	<field name_en="DOWNID" name_cn="流域内下游河段标识"/>
	<field name_en="STRAHLER" name_cn="Horton-Strahler级别"/>
	<field name_en="LAMBDA" name_cn="迭代器顺序号"/>
	<field name_en="BINSTRLEN" name_cn="河段二叉树编码长度分量"/>
	<field name_en="BINSTRVAL" name_cn="河段二叉树编码取值分量"/>
	<field name_en="RIVERNUM" name_cn="河段线对象的点数"/>
	<field name_en="BOUNDNUM" name_cn="流域边界多边形对象的点数"/>
	<field name_en="UPCNLNUM" name_cn="上游子流域河段个数"/>
	<field name_en="UPCNLLEN" name_cn="上游子流域河段总长度(km)"/>
	<field name_en="UPSUBAREA" name_cn="上游子流域面积(k㎡)"/>
	<field name_en="UPELEVA" name_cn="河段入口高程(m)"/>
	<field name_en="DOWNELEVA" name_cn="河段出口高程(m)"/>
	<field name_en="DETXLEN" name_cn="DEM栅格东西方向长度(m)"/>
	<field name_en="DETYLEN" name_cn="DEM栅格南北方向长度(m)"/>
	<field name_en="SUB_ELV" name_cn="河段及对应坡面的平均高程(m)"/>
	<field name_en="SRC_ELV" name_cn="源坡面高程(m)"/>
	<field name_en="LFT_ELV" name_cn="左坡面高程(m)"/>
	<field name_en="RGT_ELV" name_cn="右坡面高程(m)"/>
	<field name_en="CHNL_LEN" name_cn="河段长度(km)"/>
	<field name_en="SRC_LEN" name_cn="源坡面长度(km)"/>
	<field name_en="LFT_LEN" name_cn="左坡面长度(km)"/>
	<field name_en="RGT_LEN" name_cn="右坡面长度(km)"/>
	<field name_en="CHNL_SLOPE" name_cn="河段比降"/>
	<field name_en="SRC_SLOPE" name_cn="源坡面比降"/>
	<field name_en="LFT_SLOPE" name_cn="左坡面比降"/>
	<field name_en="RGT_SLOPE" name_cn="右坡面比降"/>
	<field name_en="SUB_AREA" name_cn="河段及对应坡面的面积(k㎡)"/>
	<field name_en="SRC_AREA" name_cn="源坡面面积(k㎡)"/>
	<field name_en="LFT_AREA" name_cn="左坡面面积(k㎡)"/>
	<field name_en="UPSTREAMX" name_cn="河段入口经度"/>
	<field name_en="UPSTREAMY" name_cn="河段入口纬度"/>
	<field name_en="OUTLETX" name_cn="河段出口经度"/>
	<field name_en="OUTLETY" name_cn="河段出口纬度"/>
	<field name_en="MIDDLEX" name_cn="河段中央经度"/>
	<field name_en="MIDDLEY" name_cn="河段中央纬度"/>
	<field name_en="XMIN" name_cn="河段及对应坡面的最小经度"/>
	<field name_en="YMIN" name_cn="河段及对应坡面的最小纬度"/>
	<field name_en="XMAX" name_cn="河段及对应坡面的最大经度"/>
	<field name_en="YMAX" name_cn="河段及对应坡面的最大纬度"/>
	<field name_en="ZMIN" name_cn="河段及对应坡面的最低高程(m)"/>
	<field name_en="ZMAX" name_cn="河段及对应坡面的最高高程(m)"/>
	<field name_en="LEVEL_" name_cn="LEVEL_"/>
	<field name_en="GEONO" name_cn="GEONO"/>
	<field name_en="GEOSTR" name_cn="GEOSTR"/>
	<field name_en="HIERARCODE" name_cn="HIERARCODE"/>
	<field name_en="DOWNCNLNUM" name_cn="DOWNCNLNUM"/>
	<field name_en="REGIONCODE" name_cn="区位编码"/>
	<field name_en="UPALLLEN" name_cn="UPALLLEN"/>
	<field name_en="MEANDER" name_cn="MEANDER"/>
	-->
</configuration>