<?xml version="1.0" encoding="UTF-8"?>
<metadata xml:lang="zh"><Esri><CreaDate>20250909</CreaDate><CreaTime>09245100</CreaTime><ArcGISFormat>1.0</ArcGISFormat><SyncOnce>TRUE</SyncOnce><DataProperties><itemProps><itemLocation><linkage Sync="TRUE">file://\\DESKTOP-C00A89A\C$\Users\lenovo\Desktop\论文与专著\论文\投稿材料\v2\data\白水江\grid\ecmwf_precip.grib</linkage><protocol Sync="TRUE">Local Area Network</protocol></itemLocation></itemProps><copyHistory><copy source="C:\Users\lenovo\Desktop\论文与专著\论文\投稿材料\v2\data\白水江\ecmwf_precip.grib" dest="\\DESKTOP-C00A89A\C$\Users\lenovo\Desktop\论文与专著\论文\投稿材料\v2\data\白水江\grid\ecmwf_precip.grib" date="20250909" time="09245100"></copy></copyHistory></DataProperties></Esri></metadata>
